delete from users;
delete from author;
delete from bank;
delete from publisher;
delete from contact;
delete from book;
insert into users values('00001','admin','password','NULL','NULL','true');
insert into users values('00002','apple','123','4444555566667777','31 First Avenue Drive','false');
insert into users values('00003','gamer','123','9999888877776666','1234 Main Street','false');
insert into author values('10001','John','Doe');
insert into author values('10002','Mike','Elliot');
insert into author values('10003','Ruth','Wood');
insert into author values('10004','Doug','Horton');
insert into bank values('20001','0');
insert into bank values('20002','0');
insert into publisher values('30001','20002','Potter Publishing','5857 Olive Street','potter@email.ca');
insert into publisher values('30002','20001','Chapmen Books','534 Ford Street','chap@email.ca');
insert into contact values('40001','30001','613-519-8865');
insert into contact values('40002','30001','902-835-4288');
insert into contact values('40003','30002','519-566-8263');
insert into book values('0-0001-0000-0','30001','10001','Infinite JestInfinite Jest','fantasy','400','10.53','10','5');
insert into book values('0-0002-0000-0','30001','10001','Titan Oath','Sci-Fi','350','12.67','8','2');
insert into book values('0-0003-0000-0','30001','10002','Best Beloved','Romance','150','8.52','12','9');
insert into book values('0-0004-0000-0','30001','10002','The Butcher in the House','Crime','432','15.53','8','2');
insert into book values('0-0005-0000-0','30001','10003','The Cracked Marigold','Mystery','600','17.34','7','3');
insert into book values('0-0006-0000-0','30002','10004','The Shrouded Painting','Mystery','230','10.23','10','5');
insert into book values('0-0007-0000-0','30002','10004','Wanted For Error','Crime','300','9.63','5','3');
insert into book values('0-0008-0000-0','30002','10001','The King of the Griffon','fantasy','650','19.93','10','6');